id,title,score,num_comments,author,created_utc,url,over_18,edited,spoiler,stickied
1mxgerm,"Problems trying to ingest 75 GB (yes, GigaByte) CSV file with 400 columns, ~ 2 Billion rows, and some dirty data (alphabetical characters in number fields, special characters in date fields, etc.).",89,81,Examination_First,2025-08-22 19:46:05,https://www.reddit.com/r/dataengineering/comments/1mxgerm/problems_trying_to_ingest_75_gb_yes_gigabyte_csv/,False,False,False,False
1mxckri,are Apache Iceberg tables just reinventing the wheel?,44,47,svletana,2025-08-22 17:20:25,https://www.reddit.com/r/dataengineering/comments/1mxckri/are_apache_iceberg_tables_just_reinventing_the/,False,False,False,False
1mxbhsn,Elite DE Jobs Becoming FDE?,18,24,DryRelationship1330,2025-08-22 16:39:31,https://www.reddit.com/r/dataengineering/comments/1mxbhsn/elite_de_jobs_becoming_fde/,False,False,False,False
1mxb4mo,[UPDATE] DocStrange : Local web UI + upgraded from 3B → 7B model in cloud mode (Open source structured data extraction library),18,0,LostAmbassador6872,2025-08-22 16:25:40,https://i.redd.it/yb57450vilkf1.png,False,False,False,False
1mxl40s,Hands-on Coding Tutorial Repo: Implementing Data Contracts with Open Source Tools,17,0,on_the_mark_data,2025-08-22 22:54:45,https://github.com/data-contract-book/chapter-7-implementing-data-contracts/tree/main,False,False,False,False
1mxf2t4,Mirror upstream UPSERTs or go append-only,16,5,afnan_shahid92,2025-08-22 18:54:56,https://www.reddit.com/r/dataengineering/comments/1mxf2t4/mirror_upstream_upserts_or_go_appendonly/,False,False,False,False
1mxcr9w,How do you handle replicating data out of operational APIs like it’s a warehouse?,15,5,DuckDatum,2025-08-22 17:27:18,https://www.reddit.com/r/dataengineering/comments/1mxcr9w/how_do_you_handle_replicating_data_out_of/,False,False,False,False
1mxhdi4,Is working as in a small business / startup with no experience really that bad regarding learning / advancement?,8,10,jogideonn,2025-08-22 20:23:35,https://www.reddit.com/r/dataengineering/comments/1mxhdi4/is_working_as_in_a_small_business_startup_with_no/,False,False,False,False
1mxx0us,i started mongodb in docker but 3t gives connection error,8,1,Beyond_Birthday_13,2025-08-23 09:35:11,https://www.reddit.com/gallery/1mxx0us,False,False,False,False
1mxrtmu,How would you build a database from an API that has no order tracking status?,7,3,Sad_Situation_4446,2025-08-23 04:20:05,https://www.reddit.com/r/dataengineering/comments/1mxrtmu/how_would_you_build_a_database_from_an_api_that/,False,False,False,False
1mxf7sm,How to Tidy Data for Storage and Save Tables: A Quick Guide to Data Organization Best Practices,8,2,bcdata,2025-08-22 19:00:15,https://repoten.com/blog/how-to-tidy-data,False,False,False,False
1mxt5jo,Robinhood DW or tech stack?,5,3,Last_Coyote5573,2025-08-23 05:35:24,https://www.reddit.com/r/dataengineering/comments/1mxt5jo/robinhood_dw_or_tech_stack/,False,False,False,False
1mxbh95,How do you solve schema evolution in ETL pipelines?,5,3,dani_estuary,2025-08-22 16:38:56,https://www.reddit.com/r/dataengineering/comments/1mxbh95/how_do_you_solve_schema_evolution_in_etl_pipelines/,False,False,False,False
1mxwgeq,What tools are you forced to work with and which tools you want to use if possible?,3,8,SetKaung,2025-08-23 08:59:38,https://www.reddit.com/r/dataengineering/comments/1mxwgeq/what_tools_are_you_forced_to_work_with_and_which/,False,False,False,False
1mxaasm,"Use case for a technical evaluation: what should I expect (GCP, Airflow, BigQuery)?",3,0,Shacken-Wan,2025-08-22 15:54:43,https://www.reddit.com/r/dataengineering/comments/1mxaasm/use_case_for_a_technical_evaluation_what_should_i/,False,False,False,False
1mxxx07,Built an AI Data Pipeline MVP that auto-generates PySpark code from natural language - how to add self-healing capabilities?,3,1,Dependent_Elk_6376,2025-08-23 10:29:10,https://www.reddit.com/r/dataengineering/comments/1mxxx07/built_an_ai_data_pipeline_mvp_that_autogenerates/,False,False,False,False
1mxcsak,"How do u create your AWS related services or work on changes in AWS console, from console manually or some CLI tool?",2,6,Zealousideal-Cod-617,2025-08-22 17:28:26,https://www.reddit.com/r/dataengineering/comments/1mxcsak/how_do_u_create_your_aws_related_services_or_work/,False,False,False,False
1mxb47y,Old Pipelines of Unknown Usage,2,9,a-ha_partridge,2025-08-22 16:25:16,https://www.reddit.com/r/dataengineering/comments/1mxb47y/old_pipelines_of_unknown_usage/,False,False,False,False
1mx4yzr,Is my Airflow implementation scalable for processing 1M+ profiles per run?,2,10,hzburki,2025-08-22 12:20:31,https://www.reddit.com/r/dataengineering/comments/1mx4yzr/is_my_airflow_implementation_scalable_for/,False,False,False,False
1mxrhg8,Simplest custom script to replicate salesforce data to bigquery?,1,1,tytds,2025-08-23 04:01:41,https://www.reddit.com/r/dataengineering/comments/1mxrhg8/simplest_custom_script_to_replicate_salesforce/,False,False,False,False
1mxkjh0,DuckDB ... Merge Mismatched CSV Schemas. (also testing Polars),1,1,averageflatlanders,2025-08-22 22:31:04,http://confessionsofadataguy.com/duckdb-merge-mismatched-csv-schemas-also-testing-polars/,False,False,False,False
1mxbqrh,"Free Snowflake health check app - get insights into warehouses, storage and queries",1,0,noasync,2025-08-22 16:48:57,https://www.capitalone.com/software/blog/snowflake-health-check-app-optimization/?utm_campaign=fordev&utm_source=reddit&utm_medium=social-organic,False,False,False,False
1mxsn3p,Need Help to decide,0,8,Ace2498,2025-08-23 05:05:57,https://www.reddit.com/r/dataengineering/comments/1mxsn3p/need_help_to_decide/,False,False,False,False
1mxbtvi,Are there data engineering opportunities outside of banking?,0,5,Rare-Bet-6845,2025-08-22 16:52:09,https://www.reddit.com/r/dataengineering/comments/1mxbtvi/are_there_data_engineering_opportunities_outside/,False,False,False,False
